{"cameraMode":{"drawMode":0,"name":"Shaded","section":"Shading Mode"},"sceneLighting":false,"audioPlay":false,"sceneViewState":{"showFog":true,"showMaterialUpdate":false,"showSkybox":true,"showFlares":true,"showImageEffects":true,"showParticleSystems":true},"in2DMode":false,"pivot":{"x":12.702696800231934,"y":0.7337772846221924,"z":0.0},"rotation":{"x":0.09847596287727356,"y":-0.8957632184028626,"z":0.2482084482908249,"w":0.3553917407989502},"size":6.630091190338135,"orthographic":false}